timestamp,src_ip,dst_ip,protocol
2025-05-04 17:21:47.343009,192.168.1.63,91.189.91.97,TCP
2025-05-04 17:21:50.010316,192.168.1.62,35.233.239.65,TCP
2025-05-04 17:21:50.201040,35.233.239.65,192.168.1.62,TCP
2025-05-04 17:21:50.411688,192.168.1.63,185.125.190.17,TCP
2025-05-04 17:21:52.100812,192.168.1.40,91.189.91.48,TCP
2025-05-04 17:21:52.456754,192.168.1.40,185.125.190.48,TCP
2025-05-04 17:21:52.759928,216.58.204.234,192.168.1.62,UDP
2025-05-04 17:21:52.759928,216.58.204.234,192.168.1.62,UDP
2025-05-04 17:21:52.767902,192.168.1.62,216.58.204.234,UDP
2025-05-04 17:21:52.958350,192.168.1.62,216.58.204.234,UDP
2025-05-04 17:21:53.027905,216.58.204.234,192.168.1.62,UDP
2025-05-04 17:21:53.218079,192.168.1.62,216.58.204.234,UDP
2025-05-04 17:21:53.274271,216.58.204.234,192.168.1.62,UDP
2025-05-04 17:21:53.474840,192.168.1.62,216.58.204.234,UDP
2025-05-04 17:21:53.532917,216.58.204.234,192.168.1.62,UDP
2025-05-04 17:21:53.745759,192.168.1.62,216.58.204.234,UDP
2025-05-04 17:21:53.789833,216.58.204.234,192.168.1.62,UDP
2025-05-04 17:21:53.998590,192.168.1.62,216.58.204.234,UDP
2025-05-04 17:21:54.046890,216.58.204.234,192.168.1.62,UDP
2025-05-04 17:21:54.249278,192.168.1.62,216.58.204.234,UDP
2025-05-04 17:21:54.305292,216.58.204.234,192.168.1.62,UDP
2025-05-04 17:21:54.559408,192.168.1.40,91.189.91.97,TCP
2025-05-04 17:21:54.705714,192.168.1.62,216.58.204.234,UDP
2025-05-04 17:21:54.764938,216.58.204.234,192.168.1.62,UDP
2025-05-04 17:21:55.561611,192.168.1.62,216.58.204.234,UDP
2025-05-04 17:21:55.618819,216.58.204.234,192.168.1.62,UDP
2025-05-04 17:21:56.373729,192.168.1.63,91.189.91.97,TCP
2025-05-04 17:21:57.218927,192.168.1.62,216.58.204.234,UDP
2025-05-04 17:21:57.276658,216.58.204.234,192.168.1.62,UDP
2025-05-04 17:21:58.088677,192.168.1.63,91.189.91.97,TCP
2025-05-04 17:21:58.428211,192.168.1.40,91.189.91.48,TCP
2025-05-04 17:22:00.478168,192.168.1.62,216.58.204.234,UDP
2025-05-04 17:22:00.531710,216.58.204.234,192.168.1.62,UDP
2025-05-04 17:22:01.273794,192.168.1.62,192.168.1.1,UDP
2025-05-04 17:22:01.284222,192.168.1.1,192.168.1.62,UDP
2025-05-04 17:22:01.284757,192.168.1.62,20.49.150.241,TCP
2025-05-04 17:22:01.350931,20.49.150.241,192.168.1.62,TCP
2025-05-04 17:22:01.350932,192.168.1.62,20.49.150.241,TCP
2025-05-04 17:22:01.351488,192.168.1.62,20.49.150.241,TCP
2025-05-04 17:22:01.405389,192.168.1.62,20.49.150.241,TCP
2025-05-04 17:22:01.405390,20.49.150.241,192.168.1.62,TCP
2025-05-04 17:22:01.408251,20.49.150.241,192.168.1.62,TCP
2025-05-04 17:22:01.411890,192.168.1.62,20.49.150.241,TCP
2025-05-04 17:22:01.464617,20.49.150.241,192.168.1.62,TCP
2025-05-04 17:22:01.464617,20.49.150.241,192.168.1.62,TCP
2025-05-04 17:22:01.464617,192.168.1.62,20.49.150.241,TCP
2025-05-04 17:22:01.467725,192.168.1.62,20.49.150.241,TCP
2025-05-04 17:22:01.467725,192.168.1.62,20.49.150.241,TCP
2025-05-04 17:22:01.467725,192.168.1.62,20.49.150.241,TCP
2025-05-04 17:22:01.519250,20.49.150.241,192.168.1.62,TCP
2025-05-04 17:22:01.560302,192.168.1.62,20.49.150.241,TCP
2025-05-04 17:22:01.566391,20.49.150.241,192.168.1.62,TCP
2025-05-04 17:22:01.609043,20.49.150.241,192.168.1.62,TCP
2025-05-04 17:22:01.610993,192.168.1.62,20.49.150.241,TCP
2025-05-04 17:22:01.660205,20.49.150.241,192.168.1.62,TCP
2025-05-04 17:22:01.660205,20.49.150.241,192.168.1.62,TCP
2025-05-04 17:22:01.660205,192.168.1.62,20.49.150.241,TCP
2025-05-04 17:22:01.742507,192.168.1.62,20.49.150.241,TCP
2025-05-04 17:22:01.792390,20.49.150.241,192.168.1.62,TCP
2025-05-04 17:22:01.792391,192.168.1.62,20.49.150.241,TCP
2025-05-04 17:22:01.794355,192.168.1.62,20.49.150.241,TCP
2025-05-04 17:22:01.848005,192.168.1.62,20.49.150.241,TCP
2025-05-04 17:22:01.848005,20.49.150.241,192.168.1.62,TCP
2025-05-04 17:22:01.849351,20.49.150.241,192.168.1.62,TCP
2025-05-04 17:22:01.852474,192.168.1.62,20.49.150.241,TCP
2025-05-04 17:22:01.906151,20.49.150.241,192.168.1.62,TCP
2025-05-04 17:22:01.906151,20.49.150.241,192.168.1.62,TCP
2025-05-04 17:22:01.906151,192.168.1.62,20.49.150.241,TCP
2025-05-04 17:22:01.909197,192.168.1.62,20.49.150.241,TCP
2025-05-04 17:22:01.909197,192.168.1.62,20.49.150.241,TCP
2025-05-04 17:22:01.909198,192.168.1.62,20.49.150.241,TCP
2025-05-04 17:22:01.966593,20.49.150.241,192.168.1.62,TCP
2025-05-04 17:22:01.966594,20.49.150.241,192.168.1.62,TCP
2025-05-04 17:22:02.007150,192.168.1.62,20.49.150.241,TCP
2025-05-04 17:22:02.061009,20.49.150.241,192.168.1.62,TCP
2025-05-04 17:22:02.068146,192.168.1.62,20.49.150.241,TCP
2025-05-04 17:22:02.129564,20.49.150.241,192.168.1.62,TCP
2025-05-04 17:22:02.129565,192.168.1.62,20.49.150.241,TCP
2025-05-04 17:22:02.129565,20.49.150.241,192.168.1.62,TCP
2025-05-04 17:22:04.110281,192.168.1.63,192.168.1.1,UDP
2025-05-04 17:22:04.110433,192.168.1.40,192.168.1.1,UDP
2025-05-04 17:22:04.111884,192.168.1.40,192.168.1.1,UDP
2025-05-04 17:22:04.112371,192.168.1.63,192.168.1.1,UDP
2025-05-04 17:22:04.123155,192.168.1.1,192.168.1.63,UDP
2025-05-04 17:22:04.123156,192.168.1.1,192.168.1.40,UDP
2025-05-04 17:22:04.123156,192.168.1.1,192.168.1.63,UDP
2025-05-04 17:22:04.123559,192.168.1.1,192.168.1.40,UDP
2025-05-04 17:22:04.124151,192.168.1.40,192.168.1.1,UDP
2025-05-04 17:22:04.125639,192.168.1.40,34.120.208.123,TCP
2025-05-04 17:22:04.125772,192.168.1.63,192.168.1.1,UDP
2025-05-04 17:22:04.133398,192.168.1.1,192.168.1.63,UDP
2025-05-04 17:22:04.133882,192.168.1.1,192.168.1.40,UDP
2025-05-04 17:22:04.151146,34.120.208.123,192.168.1.40,TCP
2025-05-04 17:22:04.151338,192.168.1.40,34.120.208.123,TCP
2025-05-04 17:22:04.151310,192.168.1.40,34.120.208.123,TCP
2025-05-04 17:22:04.151897,192.168.1.40,34.120.208.123,TCP
2025-05-04 17:22:04.175696,34.120.208.123,192.168.1.40,TCP
2025-05-04 17:22:04.215722,34.120.208.123,192.168.1.40,TCP
2025-05-04 17:22:04.215778,192.168.1.40,34.120.208.123,TCP
2025-05-04 17:22:04.215980,192.168.1.40,34.120.208.123,TCP
2025-05-04 17:22:04.216636,192.168.1.40,34.120.208.123,TCP
2025-05-04 17:22:04.216971,192.168.1.40,34.120.208.123,TCP
2025-05-04 17:22:04.217120,192.168.1.40,34.120.208.123,TCP
2025-05-04 17:22:04.217413,192.168.1.40,34.120.208.123,TCP
2025-05-04 17:22:04.247632,34.120.208.123,192.168.1.40,TCP
2025-05-04 17:22:04.248317,34.120.208.123,192.168.1.40,TCP
2025-05-04 17:22:04.248358,192.168.1.40,34.120.208.123,TCP
2025-05-04 17:22:04.248317,34.120.208.123,192.168.1.40,TCP
2025-05-04 17:22:04.248579,192.168.1.40,34.120.208.123,TCP
2025-05-04 17:22:04.248541,192.168.1.40,34.120.208.123,TCP
2025-05-04 17:22:04.248884,192.168.1.40,34.120.208.123,TCP
2025-05-04 17:22:04.279032,34.120.208.123,192.168.1.40,TCP
2025-05-04 17:22:04.457186,34.120.208.123,192.168.1.40,TCP
2025-05-04 17:22:04.457558,192.168.1.40,34.120.208.123,TCP
2025-05-04 17:22:04.457187,34.120.208.123,192.168.1.40,TCP
2025-05-04 17:22:04.458042,192.168.1.40,34.120.208.123,TCP
2025-05-04 17:22:04.458302,192.168.1.40,34.120.208.123,TCP
2025-05-04 17:22:04.457187,34.120.208.123,192.168.1.40,TCP
2025-05-04 17:22:04.458620,192.168.1.40,34.120.208.123,TCP
2025-05-04 17:22:04.460071,192.168.1.40,34.120.208.123,TCP
2025-05-04 17:22:04.462091,192.168.1.40,34.120.208.123,TCP
2025-05-04 17:22:04.464094,192.168.1.40,192.168.1.1,UDP
2025-05-04 17:22:04.464216,192.168.1.40,34.120.208.123,TCP
2025-05-04 17:22:04.464218,192.168.1.40,34.120.208.123,TCP
2025-05-04 17:22:04.464377,192.168.1.40,192.168.1.1,UDP
2025-05-04 17:22:04.464922,192.168.1.40,192.168.1.1,UDP
2025-05-04 17:22:04.465307,192.168.1.40,192.168.1.1,UDP
2025-05-04 17:22:04.467347,192.168.1.63,192.168.1.1,UDP
2025-05-04 17:22:04.481934,192.168.1.1,192.168.1.40,UDP
2025-05-04 17:22:04.485767,192.168.1.1,192.168.1.40,UDP
2025-05-04 17:22:04.485767,192.168.1.1,192.168.1.40,UDP
2025-05-04 17:22:04.485767,192.168.1.1,192.168.1.63,UDP
2025-05-04 17:22:04.485767,34.120.208.123,192.168.1.40,TCP
2025-05-04 17:22:04.485767,192.168.1.1,192.168.1.40,UDP
2025-05-04 17:22:04.489652,34.120.208.123,192.168.1.40,TCP
2025-05-04 17:22:04.489652,34.120.208.123,192.168.1.40,TCP
2025-05-04 17:22:04.597980,192.168.1.62,142.250.201.163,TCP
2025-05-04 17:22:04.653135,142.250.201.163,192.168.1.62,TCP
2025-05-04 17:22:04.741074,192.168.1.40,34.120.208.123,TCP
2025-05-04 17:22:04.743676,192.168.1.40,34.120.208.123,TCP
2025-05-04 17:22:04.744016,34.120.208.123,192.168.1.40,TCP
2025-05-04 17:22:04.744046,192.168.1.40,34.120.208.123,TCP
2025-05-04 17:22:04.744016,34.120.208.123,192.168.1.40,TCP
2025-05-04 17:22:04.744550,192.168.1.40,34.120.208.123,TCP
2025-05-04 17:22:04.744016,34.120.208.123,192.168.1.40,TCP
2025-05-04 17:22:04.744909,192.168.1.40,34.120.208.123,TCP
2025-05-04 17:22:04.764863,34.120.208.123,192.168.1.40,TCP
2025-05-04 17:22:05.523334,192.168.1.40,91.189.91.48,TCP
2025-05-04 17:22:06.934398,192.168.1.62,216.58.204.234,UDP
2025-05-04 17:22:06.990577,216.58.204.234,192.168.1.62,UDP
2025-05-04 17:22:07.343760,192.168.1.40,104.18.32.47,TCP
2025-05-04 17:22:07.343891,192.168.1.40,104.18.32.47,TCP
2025-05-04 17:22:07.344545,192.168.1.40,104.18.32.47,TCP
2025-05-04 17:22:07.377105,104.18.32.47,192.168.1.40,TCP
2025-05-04 17:22:07.377105,104.18.32.47,192.168.1.40,TCP
2025-05-04 17:22:07.524900,104.18.32.47,192.168.1.40,TCP
2025-05-04 17:22:07.525281,192.168.1.40,104.18.32.47,TCP
2025-05-04 17:22:07.525551,192.168.1.40,104.18.32.47,TCP
2025-05-04 17:22:07.524900,104.18.32.47,192.168.1.40,TCP
2025-05-04 17:22:07.526037,192.168.1.40,104.18.32.47,TCP
2025-05-04 17:22:07.526263,192.168.1.40,104.18.32.47,TCP
2025-05-04 17:22:07.524900,104.18.32.47,192.168.1.40,TCP
2025-05-04 17:22:07.526691,192.168.1.40,104.18.32.47,TCP
2025-05-04 17:22:07.526899,192.168.1.40,104.18.32.47,TCP
2025-05-04 17:22:08.842862,192.168.1.40,91.189.91.48,TCP
2025-05-04 17:22:10.890186,192.168.1.40,91.189.91.49,TCP
2025-05-04 17:22:13.004998,192.168.1.63,91.189.91.98,TCP
2025-05-04 17:22:13.004998,192.168.1.63,185.125.190.49,TCP
2025-05-04 17:22:13.643878,216.58.204.234,192.168.1.62,UDP
2025-05-04 17:22:13.643879,216.58.204.234,192.168.1.62,UDP
2025-05-04 17:22:13.655470,192.168.1.62,216.58.204.234,UDP
2025-05-04 17:22:13.845579,192.168.1.62,216.58.204.234,UDP
2025-05-04 17:22:13.905825,216.58.204.234,192.168.1.62,UDP
2025-05-04 17:22:14.107741,192.168.1.62,216.58.204.234,UDP
2025-05-04 17:22:14.161651,216.58.204.234,192.168.1.62,UDP
2025-05-04 17:22:14.363710,192.168.1.62,216.58.204.234,UDP
2025-05-04 17:22:14.417759,216.58.204.234,192.168.1.62,UDP
2025-05-04 17:22:14.619257,192.168.1.62,216.58.204.234,UDP
2025-05-04 17:22:14.680078,216.58.204.234,192.168.1.62,UDP
2025-05-04 17:22:14.879874,192.168.1.62,216.58.204.234,UDP
2025-05-04 17:22:14.935619,216.58.204.234,192.168.1.62,UDP
2025-05-04 17:22:15.102388,192.168.1.86,224.0.0.251,UDP
2025-05-04 17:22:15.135324,192.168.1.62,216.58.204.234,UDP
2025-05-04 17:22:15.193892,216.58.204.234,192.168.1.62,UDP
2025-05-04 17:22:15.595582,192.168.1.62,216.58.204.234,UDP
2025-05-04 17:22:15.657660,216.58.204.234,192.168.1.62,UDP
2025-05-04 17:22:16.105936,192.168.1.86,224.0.0.251,UDP
2025-05-04 17:22:16.457751,192.168.1.62,216.58.204.234,UDP
2025-05-04 17:22:16.513551,216.58.204.234,192.168.1.62,UDP
2025-05-04 17:22:17.049760,192.168.1.40,185.125.190.17,TCP
2025-05-04 17:22:18.114405,192.168.1.62,216.58.204.234,UDP
2025-05-04 17:22:18.175894,216.58.204.234,192.168.1.62,UDP
2025-05-04 17:22:19.116471,192.168.1.86,224.0.0.251,UDP
2025-05-04 17:22:20.527846,192.168.1.62,3.224.19.30,TCP
2025-05-04 17:22:20.641411,192.168.1.62,44.199.25.130,TCP
2025-05-04 17:22:20.659183,3.224.19.30,192.168.1.62,TCP
2025-05-04 17:22:20.770024,44.199.25.130,192.168.1.62,TCP
2025-05-04 17:22:21.180038,192.168.1.63,91.189.91.97,TCP
2025-05-04 17:22:21.371284,192.168.1.62,216.58.204.234,UDP
2025-05-04 17:22:21.429574,216.58.204.234,192.168.1.62,UDP
2025-05-04 17:22:22.132570,192.168.1.86,224.0.0.251,UDP
2025-05-04 17:22:22.632056,192.168.1.62,104.18.32.47,TCP
2025-05-04 17:22:22.665703,104.18.32.47,192.168.1.62,TCP
2025-05-04 17:22:23.135603,192.168.1.86,224.0.0.251,UDP
2025-05-04 17:22:24.185123,192.168.1.62,172.217.218.188,TCP
2025-05-04 17:22:24.189912,192.168.1.62,142.251.31.188,TCP
2025-05-04 17:22:24.243990,172.217.218.188,192.168.1.62,TCP
2025-05-04 17:22:24.243990,142.251.31.188,192.168.1.62,TCP
2025-05-04 17:22:26.141131,192.168.1.86,224.0.0.251,UDP
2025-05-04 17:22:26.460307,192.168.1.62,140.82.114.26,TCP
2025-05-04 17:22:26.587481,140.82.114.26,192.168.1.62,TCP
2025-05-04 17:22:27.830608,192.168.1.62,216.58.204.234,UDP
2025-05-04 17:22:27.887854,216.58.204.234,192.168.1.62,UDP
2025-05-04 17:22:28.132413,192.168.1.86,224.0.0.251,UDP
2025-05-04 17:22:28.934306,192.168.1.62,35.233.239.65,TCP
2025-05-04 17:22:29.124033,35.233.239.65,192.168.1.62,TCP
2025-05-04 17:22:31.557428,192.168.1.63,91.189.91.98,TCP
2025-05-04 17:22:33.420313,192.168.1.40,91.189.91.48,TCP
2025-05-04 17:22:33.420670,192.168.1.40,91.189.91.96,TCP
2025-05-04 17:22:33.988816,216.58.204.234,192.168.1.62,UDP
2025-05-04 17:22:33.990101,216.58.204.234,192.168.1.62,UDP
2025-05-04 17:22:33.999095,192.168.1.62,216.58.204.234,UDP
2025-05-04 17:22:34.190104,192.168.1.62,216.58.204.234,UDP
2025-05-04 17:22:34.243843,216.58.204.234,192.168.1.62,UDP
2025-05-04 17:22:34.274175,192.168.1.62,192.168.1.1,UDP
2025-05-04 17:22:34.279278,192.168.1.1,192.168.1.62,UDP
2025-05-04 17:22:34.283035,192.168.1.62,216.58.209.46,UDP
2025-05-04 17:22:34.283035,192.168.1.62,216.58.209.46,UDP
2025-05-04 17:22:34.283035,192.168.1.62,216.58.209.46,UDP
2025-05-04 17:22:34.284800,192.168.1.62,216.58.209.46,UDP
2025-05-04 17:22:34.284800,192.168.1.62,216.58.209.46,UDP
2025-05-04 17:22:34.284800,192.168.1.62,216.58.209.46,UDP
2025-05-04 17:22:34.325335,216.58.209.46,192.168.1.62,UDP
2025-05-04 17:22:34.331331,216.58.209.46,192.168.1.62,UDP
2025-05-04 17:22:34.349046,216.58.209.46,192.168.1.62,UDP
2025-05-04 17:22:34.349046,216.58.209.46,192.168.1.62,UDP
2025-05-04 17:22:34.349046,216.58.209.46,192.168.1.62,UDP
2025-05-04 17:22:34.349046,216.58.209.46,192.168.1.62,UDP
2025-05-04 17:22:34.349046,216.58.209.46,192.168.1.62,UDP
2025-05-04 17:22:34.349046,216.58.209.46,192.168.1.62,UDP
2025-05-04 17:22:34.350735,192.168.1.62,216.58.209.46,UDP
2025-05-04 17:22:34.350735,192.168.1.62,216.58.209.46,UDP
2025-05-04 17:22:34.350735,192.168.1.62,216.58.209.46,UDP
2025-05-04 17:22:34.396415,216.58.209.46,192.168.1.62,UDP
2025-05-04 17:22:34.422680,192.168.1.62,216.58.209.46,UDP
2025-05-04 17:22:34.444902,192.168.1.62,216.58.204.234,UDP
2025-05-04 17:22:34.479562,216.58.209.46,192.168.1.62,UDP
2025-05-04 17:22:34.479562,216.58.209.46,192.168.1.62,UDP
2025-05-04 17:22:34.479563,192.168.1.62,216.58.209.46,UDP
2025-05-04 17:22:34.482242,216.58.209.46,192.168.1.62,UDP
2025-05-04 17:22:34.501360,216.58.204.234,192.168.1.62,UDP
2025-05-04 17:22:34.509097,192.168.1.62,216.58.209.46,UDP
2025-05-04 17:22:34.523086,216.58.209.46,192.168.1.62,UDP
2025-05-04 17:22:34.702160,192.168.1.62,216.58.204.234,UDP
2025-05-04 17:22:34.756084,216.58.204.234,192.168.1.62,UDP
2025-05-04 17:22:34.958157,192.168.1.62,216.58.204.234,UDP
2025-05-04 17:22:35.012286,216.58.204.234,192.168.1.62,UDP
2025-05-04 17:22:35.164211,192.168.1.86,224.0.0.251,UDP
2025-05-04 17:22:35.200723,192.168.1.62,35.233.239.65,TCP
2025-05-04 17:22:35.213835,192.168.1.62,216.58.204.234,UDP
2025-05-04 17:22:35.266695,216.58.204.234,192.168.1.62,UDP
2025-05-04 17:22:35.392156,35.233.239.65,192.168.1.62,TCP
2025-05-04 17:22:35.467379,192.168.1.62,216.58.204.234,UDP
2025-05-04 17:22:35.522603,216.58.204.234,192.168.1.62,UDP
2025-05-04 17:22:35.925128,192.168.1.62,216.58.204.234,UDP
2025-05-04 17:22:35.982469,216.58.204.234,192.168.1.62,UDP
2025-05-04 17:22:36.783272,192.168.1.62,216.58.204.234,UDP
2025-05-04 17:22:36.838825,216.58.204.234,192.168.1.62,UDP
2025-05-04 17:22:38.441530,192.168.1.62,216.58.204.234,UDP
2025-05-04 17:22:38.498160,216.58.204.234,192.168.1.62,UDP
2025-05-04 17:22:40.401752,192.168.1.63,192.168.1.1,UDP
2025-05-04 17:22:40.412247,192.168.1.1,192.168.1.63,UDP
2025-05-04 17:22:40.416717,192.168.1.63,185.125.190.18,TCP
2025-05-04 17:22:40.475975,185.125.190.18,192.168.1.63,TCP
2025-05-04 17:22:40.476017,192.168.1.63,185.125.190.18,TCP
2025-05-04 17:22:40.475976,192.168.1.63,185.125.190.18,TCP
2025-05-04 17:22:40.484302,192.168.1.63,185.125.190.18,TCP
2025-05-04 17:22:40.776718,192.168.1.63,185.125.190.18,TCP
2025-05-04 17:22:41.066320,192.168.1.63,185.125.190.18,TCP
2025-05-04 17:22:41.330512,140.82.114.26,192.168.1.62,TCP
2025-05-04 17:22:41.330512,192.168.1.62,140.82.114.26,TCP
2025-05-04 17:22:41.456579,140.82.114.26,192.168.1.62,TCP
2025-05-04 17:22:41.664989,192.168.1.63,185.125.190.18,TCP
2025-05-04 17:22:41.699303,192.168.1.62,216.58.204.234,UDP
2025-05-04 17:22:41.758157,216.58.204.234,192.168.1.62,UDP
2025-05-04 17:22:42.735651,192.168.1.63,185.125.190.18,TCP
2025-05-04 17:22:42.964892,192.168.1.62,188.172.106.19,TCP
2025-05-04 17:22:42.984057,188.172.106.19,192.168.1.62,TCP
2025-05-04 17:22:42.991717,188.172.106.19,192.168.1.62,TCP
2025-05-04 17:22:42.991717,192.168.1.62,188.172.106.19,TCP
2025-05-04 17:22:44.941827,192.168.1.63,185.125.190.18,TCP
2025-05-04 17:22:45.419226,192.168.1.40,192.168.1.1,UDP
2025-05-04 17:22:45.419573,192.168.1.40,3.233.158.26,TCP
2025-05-04 17:22:45.446129,192.168.1.1,192.168.1.40,UDP
2025-05-04 17:22:45.448626,192.168.1.40,185.125.190.17,TCP
2025-05-04 17:22:45.505174,185.125.190.17,192.168.1.40,TCP
2025-05-04 17:22:45.505349,192.168.1.40,185.125.190.17,TCP
2025-05-04 17:22:45.505471,192.168.1.40,185.125.190.17,TCP
2025-05-04 17:22:45.505554,192.168.1.40,185.125.190.17,TCP
2025-05-04 17:22:45.557798,192.168.1.40,3.233.158.26,TCP
2025-05-04 17:22:45.557753,3.233.158.26,192.168.1.40,TCP
2025-05-04 17:22:45.558081,192.168.1.40,3.233.158.26,TCP
2025-05-04 17:22:45.837874,192.168.1.40,185.125.190.17,TCP
2025-05-04 17:22:46.135281,192.168.1.40,185.125.190.17,TCP
2025-05-04 17:22:46.675462,192.168.1.40,185.125.190.17,TCP
2025-05-04 17:22:46.685781,3.233.158.26,192.168.1.40,TCP
2025-05-04 17:22:46.685930,192.168.1.40,3.233.158.26,TCP
2025-05-04 17:22:46.686006,192.168.1.40,3.233.158.26,TCP
2025-05-04 17:22:46.686344,192.168.1.40,3.233.158.26,TCP
2025-05-04 17:22:46.686570,192.168.1.40,3.233.158.26,TCP
2025-05-04 17:22:46.816079,3.233.158.26,192.168.1.40,TCP
2025-05-04 17:22:46.816079,3.233.158.26,192.168.1.40,TCP
2025-05-04 17:22:46.816102,192.168.1.40,3.233.158.26,TCP
2025-05-04 17:22:46.816273,192.168.1.40,3.233.158.26,TCP
2025-05-04 17:22:46.816278,192.168.1.40,3.233.158.26,TCP
2025-05-04 17:22:46.816079,3.233.158.26,192.168.1.40,TCP
2025-05-04 17:22:46.816435,192.168.1.40,3.233.158.26,TCP
2025-05-04 17:22:47.818151,192.168.1.40,185.125.190.17,TCP
2025-05-04 17:22:47.824363,192.168.1.62,20.199.120.151,TCP
2025-05-04 17:22:47.876295,20.199.120.151,192.168.1.62,TCP
2025-05-04 17:22:47.922363,192.168.1.62,20.199.120.151,TCP
2025-05-04 17:22:48.159857,192.168.1.62,216.58.204.234,UDP
2025-05-04 17:22:48.218733,216.58.204.234,192.168.1.62,UDP
2025-05-04 17:22:49.413629,192.168.1.63,185.125.190.18,TCP
2025-05-04 17:22:49.653589,192.168.1.62,142.250.201.163,TCP
2025-05-04 17:22:49.707547,142.250.201.163,192.168.1.62,TCP
2025-05-04 17:22:50.079784,192.168.1.40,185.125.190.17,TCP
2025-05-04 17:22:52.775739,34.107.243.93,192.168.1.40,TCP
2025-05-04 17:22:52.775869,192.168.1.40,34.107.243.93,TCP
2025-05-04 17:22:52.775838,192.168.1.40,34.107.243.93,TCP
2025-05-04 17:22:52.776629,192.168.1.40,34.107.243.93,TCP
2025-05-04 17:22:52.802696,34.107.243.93,192.168.1.40,TCP
2025-05-04 17:22:54.173300,216.58.204.234,192.168.1.62,UDP
2025-05-04 17:22:54.173301,216.58.204.234,192.168.1.62,UDP
2025-05-04 17:22:54.184904,192.168.1.62,216.58.204.234,UDP
2025-05-04 17:22:54.374285,192.168.1.62,216.58.204.234,UDP
2025-05-04 17:22:54.427461,216.58.204.234,192.168.1.62,UDP
2025-05-04 17:22:54.629241,192.168.1.62,216.58.204.234,UDP
2025-05-04 17:22:54.682850,216.58.204.234,192.168.1.62,UDP
2025-05-04 17:22:54.885155,192.168.1.62,216.58.204.234,UDP
2025-05-04 17:22:54.943147,216.58.204.234,192.168.1.62,UDP
2025-05-04 17:22:55.144288,192.168.1.62,216.58.204.234,UDP
2025-05-04 17:22:55.185699,192.168.1.86,224.0.0.251,UDP
2025-05-04 17:22:55.203725,216.58.204.234,192.168.1.62,UDP
2025-05-04 17:22:55.400353,192.168.1.63,192.168.1.1,UDP
2025-05-04 17:22:55.404459,192.168.1.62,216.58.204.234,UDP
2025-05-04 17:22:55.415886,192.168.1.1,192.168.1.63,UDP
2025-05-04 17:22:55.460685,216.58.204.234,192.168.1.62,UDP
2025-05-04 17:22:55.663315,192.168.1.62,216.58.204.234,UDP
2025-05-04 17:22:55.719172,216.58.204.234,192.168.1.62,UDP
2025-05-04 17:22:56.120036,192.168.1.62,216.58.204.234,UDP
2025-05-04 17:22:56.178634,216.58.204.234,192.168.1.62,UDP
2025-05-04 17:22:56.981483,192.168.1.62,216.58.204.234,UDP
2025-05-04 17:22:57.037227,216.58.204.234,192.168.1.62,UDP
2025-05-04 17:22:57.129249,192.168.1.40,185.125.190.17,TCP
2025-05-04 17:22:57.129673,192.168.1.40,192.168.1.1,UDP
2025-05-04 17:22:57.129972,192.168.1.40,192.168.1.1,UDP
2025-05-04 17:22:57.130257,192.168.1.40,34.36.137.203,UDP
2025-05-04 17:22:57.130538,192.168.1.40,34.36.137.203,TCP
2025-05-04 17:22:57.130934,192.168.1.40,34.36.137.203,UDP
2025-05-04 17:22:57.131210,192.168.1.40,34.36.137.203,UDP
2025-05-04 17:22:57.131501,192.168.1.40,34.36.137.203,TCP
2025-05-04 17:22:57.131809,192.168.1.40,34.36.137.203,UDP
2025-05-04 17:22:57.132099,192.168.1.40,34.36.137.203,UDP
2025-05-04 17:22:57.132393,192.168.1.40,34.36.137.203,UDP
2025-05-04 17:22:57.132709,192.168.1.40,34.36.137.203,UDP
2025-05-04 17:22:57.151213,192.168.1.1,192.168.1.40,UDP
2025-05-04 17:22:57.152781,192.168.1.1,192.168.1.40,UDP
2025-05-04 17:22:57.176676,34.36.137.203,192.168.1.40,TCP
2025-05-04 17:22:57.176747,192.168.1.40,34.36.137.203,TCP
2025-05-04 17:22:57.176676,34.36.137.203,192.168.1.40,TCP
2025-05-04 17:22:57.176953,192.168.1.40,34.36.137.203,TCP
2025-05-04 17:22:57.176677,34.36.137.203,192.168.1.40,UDP
2025-05-04 17:22:57.176677,34.36.137.203,192.168.1.40,UDP
2025-05-04 17:22:57.176677,34.36.137.203,192.168.1.40,UDP
2025-05-04 17:22:57.177027,192.168.1.40,34.36.137.203,TCP
2025-05-04 17:22:57.177087,192.168.1.40,34.36.137.203,TCP
2025-05-04 17:22:57.177890,192.168.1.40,34.36.137.203,TCP
2025-05-04 17:22:57.178647,34.36.137.203,192.168.1.40,UDP
2025-05-04 17:22:57.178658,192.168.1.40,34.36.137.203,TCP
2025-05-04 17:22:57.190922,34.36.137.203,192.168.1.40,UDP
2025-05-04 17:22:57.192298,192.168.1.40,34.36.137.203,UDP
2025-05-04 17:22:57.192640,192.168.1.40,34.36.137.203,UDP
2025-05-04 17:22:57.303567,192.168.1.40,34.36.137.203,TCP
2025-05-04 17:22:57.303661,192.168.1.40,34.36.137.203,TCP
2025-05-04 17:22:57.303550,34.36.137.203,192.168.1.40,TCP
2025-05-04 17:22:57.303550,34.36.137.203,192.168.1.40,TCP
2025-05-04 17:22:57.303550,34.36.137.203,192.168.1.40,UDP
2025-05-04 17:22:57.303550,34.36.137.203,192.168.1.40,UDP
2025-05-04 17:22:57.303550,34.36.137.203,192.168.1.40,UDP
2025-05-04 17:22:57.303550,34.36.137.203,192.168.1.40,TCP
2025-05-04 17:22:57.303599,192.168.1.40,34.36.137.203,TCP
2025-05-04 17:22:57.303550,34.36.137.203,192.168.1.40,TCP
2025-05-04 17:22:57.303668,192.168.1.40,34.36.137.203,TCP
2025-05-04 17:22:57.303550,34.36.137.203,192.168.1.40,UDP
2025-05-04 17:22:57.304466,192.168.1.40,34.36.137.203,UDP
2025-05-04 17:22:57.305378,192.168.1.40,34.36.137.203,TCP
2025-05-04 17:22:57.307956,192.168.1.40,34.36.137.203,TCP
2025-05-04 17:22:57.308200,192.168.1.40,34.36.137.203,TCP
2025-05-04 17:22:57.308287,192.168.1.40,34.36.137.203,TCP
2025-05-04 17:22:57.332541,34.36.137.203,192.168.1.40,UDP
2025-05-04 17:22:57.332677,192.168.1.40,34.36.137.203,UDP
2025-05-04 17:22:57.346374,34.36.137.203,192.168.1.40,TCP
2025-05-04 17:22:57.346503,192.168.1.40,34.36.137.203,TCP
2025-05-04 17:22:57.349483,192.168.1.40,34.36.137.203,TCP
2025-05-04 17:22:57.349526,34.36.137.203,192.168.1.40,TCP
2025-05-04 17:22:57.349534,192.168.1.40,34.36.137.203,TCP
2025-05-04 17:22:57.349527,34.36.137.203,192.168.1.40,TCP
2025-05-04 17:22:57.349527,34.36.137.203,192.168.1.40,TCP
2025-05-04 17:22:57.349725,192.168.1.40,34.36.137.203,TCP
2025-05-04 17:22:57.349827,192.168.1.40,34.36.137.203,TCP
2025-05-04 17:22:57.349829,192.168.1.40,34.36.137.203,TCP
2025-05-04 17:22:57.349900,192.168.1.40,34.36.137.203,TCP
2025-05-04 17:22:57.350174,192.168.1.40,34.36.137.203,TCP
2025-05-04 17:22:57.390105,34.36.137.203,192.168.1.40,UDP
2025-05-04 17:22:57.390105,34.36.137.203,192.168.1.40,TCP
2025-05-04 17:22:57.390187,192.168.1.40,34.36.137.203,TCP
2025-05-04 17:22:57.391328,192.168.1.40,34.36.137.203,TCP
2025-05-04 17:22:57.393554,34.36.137.203,192.168.1.40,TCP
2025-05-04 17:22:57.426224,34.36.137.203,192.168.1.40,TCP
2025-05-04 17:22:57.993312,192.168.1.63,185.125.190.18,TCP
2025-05-04 17:22:58.638882,192.168.1.62,216.58.204.234,UDP
2025-05-04 17:22:58.696304,216.58.204.234,192.168.1.62,UDP
2025-05-04 17:23:00.361493,192.168.1.63,185.125.190.18,TCP
2025-05-04 17:23:01.244275,192.168.1.62,192.168.1.1,UDP
2025-05-04 17:23:01.266030,192.168.1.62,192.168.1.1,UDP
2025-05-04 17:23:01.266622,192.168.1.62,192.168.1.1,UDP
2025-05-04 17:23:01.297613,192.168.1.62,192.168.1.1,UDP
2025-05-04 17:23:01.324838,192.168.1.1,192.168.1.62,UDP
2025-05-04 17:23:01.324838,192.168.1.1,192.168.1.62,UDP
2025-05-04 17:23:01.325390,192.168.1.62,52.185.211.133,TCP
2025-05-04 17:23:01.492947,192.168.1.1,192.168.1.62,UDP
2025-05-04 17:23:01.492948,192.168.1.1,192.168.1.62,UDP
2025-05-04 17:23:01.492948,52.185.211.133,192.168.1.62,TCP
2025-05-04 17:23:01.492948,192.168.1.62,52.185.211.133,TCP
2025-05-04 17:23:01.494244,192.168.1.62,3.3.8.1,TCP
2025-05-04 17:23:01.494244,192.168.1.62,52.185.211.133,TCP
2025-05-04 17:23:01.537395,3.3.8.1,192.168.1.62,TCP
2025-05-04 17:23:01.537395,192.168.1.62,3.3.8.1,TCP
2025-05-04 17:23:01.537842,192.168.1.62,3.3.8.1,TCP
2025-05-04 17:23:01.582686,3.3.8.1,192.168.1.62,TCP
2025-05-04 17:23:01.582686,3.3.8.1,192.168.1.62,TCP
2025-05-04 17:23:01.701309,52.185.211.133,192.168.1.62,TCP
2025-05-04 17:23:01.701309,192.168.1.62,52.185.211.133,TCP
2025-05-04 17:23:01.701309,192.168.1.62,52.185.211.133,TCP
2025-05-04 17:23:01.746518,192.168.1.62,3.3.8.1,TCP
2025-05-04 17:23:01.746519,3.3.8.1,192.168.1.62,TCP
2025-05-04 17:23:01.747571,3.3.8.1,192.168.1.62,TCP
2025-05-04 17:23:01.747571,192.168.1.62,3.3.8.1,TCP
2025-05-04 17:23:01.748052,192.168.1.62,3.3.8.1,TCP
2025-05-04 17:23:01.748053,192.168.1.62,3.3.8.1,TCP
2025-05-04 17:23:01.748700,192.168.1.62,3.3.8.1,TCP
2025-05-04 17:23:01.748700,192.168.1.62,3.3.8.1,TCP
2025-05-04 17:23:01.748769,192.168.1.62,3.3.8.1,TCP
2025-05-04 17:23:01.750939,3.3.8.1,192.168.1.62,TCP
2025-05-04 17:23:01.750939,192.168.1.62,3.3.8.1,TCP
2025-05-04 17:23:01.750939,192.168.1.62,3.3.8.1,TCP
2025-05-04 17:23:01.793309,3.3.8.1,192.168.1.62,TCP
2025-05-04 17:23:01.793808,3.3.8.1,192.168.1.62,TCP
2025-05-04 17:23:01.793808,3.3.8.1,192.168.1.62,TCP
2025-05-04 17:23:01.793808,192.168.1.62,3.3.8.1,TCP
2025-05-04 17:23:01.794205,3.3.8.1,192.168.1.62,TCP
2025-05-04 17:23:01.794205,192.168.1.62,3.3.8.1,TCP
2025-05-04 17:23:01.795601,3.3.8.1,192.168.1.62,TCP
2025-05-04 17:23:01.795601,3.3.8.1,192.168.1.62,TCP
2025-05-04 17:23:01.795601,3.3.8.1,192.168.1.62,TCP
2025-05-04 17:23:01.795601,3.3.8.1,192.168.1.62,TCP
2025-05-04 17:23:01.795601,3.3.8.1,192.168.1.62,TCP
2025-05-04 17:23:01.795601,192.168.1.62,3.3.8.1,TCP
2025-05-04 17:23:01.795601,192.168.1.62,3.3.8.1,TCP
2025-05-04 17:23:01.798271,3.3.8.1,192.168.1.62,TCP
2025-05-04 17:23:01.799016,3.3.8.1,192.168.1.62,TCP
2025-05-04 17:23:01.799016,3.3.8.1,192.168.1.62,TCP
2025-05-04 17:23:01.799016,3.3.8.1,192.168.1.62,TCP
2025-05-04 17:23:01.799016,3.3.8.1,192.168.1.62,TCP
2025-05-04 17:23:01.865548,3.3.8.1,192.168.1.62,TCP
2025-05-04 17:23:01.865548,3.3.8.1,192.168.1.62,TCP
2025-05-04 17:23:01.865548,3.3.8.1,192.168.1.62,TCP
2025-05-04 17:23:01.868311,3.3.8.1,192.168.1.62,TCP
2025-05-04 17:23:01.868312,3.3.8.1,192.168.1.62,TCP
2025-05-04 17:23:01.868312,3.3.8.1,192.168.1.62,TCP
2025-05-04 17:23:01.868312,3.3.8.1,192.168.1.62,TCP
2025-05-04 17:23:01.897453,192.168.1.62,216.58.204.234,UDP
2025-05-04 17:23:01.897454,3.3.8.1,192.168.1.62,TCP
2025-05-04 17:23:01.897454,3.3.8.1,192.168.1.62,TCP
2025-05-04 17:23:01.897454,192.168.1.62,52.185.211.133,TCP
2025-05-04 17:23:01.897454,192.168.1.62,3.3.8.1,TCP
2025-05-04 17:23:01.897454,192.168.1.62,3.3.8.1,TCP
2025-05-04 17:23:01.897455,52.185.211.133,192.168.1.62,TCP
2025-05-04 17:23:01.900247,3.3.8.1,192.168.1.62,TCP
2025-05-04 17:23:01.905326,192.168.1.62,52.185.211.133,TCP
2025-05-04 17:23:01.914866,3.3.8.1,192.168.1.62,TCP
2025-05-04 17:23:01.914866,192.168.1.62,3.3.8.1,TCP
2025-05-04 17:23:01.945897,3.3.8.1,192.168.1.62,TCP
2025-05-04 17:23:01.952932,216.58.204.234,192.168.1.62,UDP
2025-05-04 17:23:02.057328,52.185.211.133,192.168.1.62,TCP
2025-05-04 17:23:02.057971,52.185.211.133,192.168.1.62,TCP
2025-05-04 17:23:02.057971,192.168.1.62,52.185.211.133,TCP
2025-05-04 17:23:02.059480,3.3.8.1,192.168.1.62,TCP
2025-05-04 17:23:02.060156,3.3.8.1,192.168.1.62,TCP
2025-05-04 17:23:02.060156,3.3.8.1,192.168.1.62,TCP
2025-05-04 17:23:02.060156,3.3.8.1,192.168.1.62,TCP
2025-05-04 17:23:02.060156,192.168.1.62,3.3.8.1,TCP
2025-05-04 17:23:02.060743,192.168.1.62,52.185.211.133,TCP
2025-05-04 17:23:02.060743,192.168.1.62,52.185.211.133,TCP
2025-05-04 17:23:02.063467,192.168.1.62,52.185.211.133,TCP
2025-05-04 17:23:02.063467,192.168.1.62,192.168.1.1,UDP
2025-05-04 17:23:02.067654,3.3.8.1,192.168.1.62,TCP
2025-05-04 17:23:02.067654,3.3.8.1,192.168.1.62,TCP
2025-05-04 17:23:02.067654,192.168.1.62,3.3.8.1,TCP
2025-05-04 17:23:02.087173,3.3.8.1,192.168.1.62,TCP
2025-05-04 17:23:02.087174,3.3.8.1,192.168.1.62,TCP
2025-05-04 17:23:02.087174,192.168.1.62,3.3.8.1,TCP
2025-05-04 17:23:02.095569,192.168.1.62,192.168.1.1,UDP
2025-05-04 17:23:02.110870,192.168.1.1,192.168.1.62,UDP
2025-05-04 17:23:02.110870,192.168.1.1,192.168.1.62,UDP
2025-05-04 17:23:02.112236,192.168.1.62,44.202.79.198,TCP
2025-05-04 17:23:02.112237,192.168.1.62,44.202.79.198,TCP
2025-05-04 17:23:02.112237,192.168.1.62,44.202.79.198,TCP
2025-05-04 17:23:02.113165,192.168.1.62,44.202.79.198,TCP
2025-05-04 17:23:02.212293,52.185.211.133,192.168.1.62,TCP
2025-05-04 17:23:02.214364,52.185.211.133,192.168.1.62,TCP
2025-05-04 17:23:02.217784,52.185.211.133,192.168.1.62,TCP
2025-05-04 17:23:02.234626,44.202.79.198,192.168.1.62,TCP
2025-05-04 17:23:02.234626,192.168.1.62,44.202.79.198,TCP
2025-05-04 17:23:02.235034,192.168.1.62,44.202.79.198,TCP
2025-05-04 17:23:02.243221,44.202.79.198,192.168.1.62,TCP
2025-05-04 17:23:02.243221,192.168.1.62,44.202.79.198,TCP
2025-05-04 17:23:02.243836,192.168.1.62,44.202.79.198,TCP
2025-05-04 17:23:02.243836,44.202.79.198,192.168.1.62,TCP
2025-05-04 17:23:02.243836,192.168.1.62,44.202.79.198,TCP
2025-05-04 17:23:02.244374,192.168.1.62,44.202.79.198,TCP
2025-05-04 17:23:02.246002,44.202.79.198,192.168.1.62,TCP
2025-05-04 17:23:02.246002,192.168.1.62,44.202.79.198,TCP
2025-05-04 17:23:02.246377,192.168.1.62,44.202.79.198,TCP
2025-05-04 17:23:02.251968,192.168.1.62,52.185.211.133,TCP
2025-05-04 17:23:02.361992,44.202.79.198,192.168.1.62,TCP
2025-05-04 17:23:02.361992,44.202.79.198,192.168.1.62,TCP
2025-05-04 17:23:02.361993,44.202.79.198,192.168.1.62,TCP
2025-05-04 17:23:02.361993,192.168.1.62,44.202.79.198,TCP
2025-05-04 17:23:02.361993,192.168.1.62,44.202.79.198,TCP
2025-05-04 17:23:02.375081,44.202.79.198,192.168.1.62,TCP
2025-05-04 17:23:02.375082,44.202.79.198,192.168.1.62,TCP
2025-05-04 17:23:02.375082,44.202.79.198,192.168.1.62,TCP
2025-05-04 17:23:02.375082,44.202.79.198,192.168.1.62,TCP
2025-05-04 17:23:02.376902,44.202.79.198,192.168.1.62,TCP
2025-05-04 17:23:02.376902,44.202.79.198,192.168.1.62,TCP
2025-05-04 17:23:02.376902,192.168.1.62,44.202.79.198,TCP
2025-05-04 17:23:02.376902,192.168.1.62,44.202.79.198,TCP
2025-05-04 17:23:02.376902,44.202.79.198,192.168.1.62,TCP
2025-05-04 17:23:02.376903,192.168.1.62,44.202.79.198,TCP
2025-05-04 17:23:02.376903,192.168.1.62,44.202.79.198,TCP
2025-05-04 17:23:02.394652,44.202.79.198,192.168.1.62,TCP
2025-05-04 17:23:02.394653,44.202.79.198,192.168.1.62,TCP
2025-05-04 17:23:02.394653,44.202.79.198,192.168.1.62,TCP
2025-05-04 17:23:02.394653,192.168.1.62,44.202.79.198,TCP
2025-05-04 17:23:02.394653,192.168.1.62,44.202.79.198,TCP
2025-05-04 17:23:02.405778,52.185.211.133,192.168.1.62,TCP
2025-05-04 17:23:02.410964,192.168.1.62,52.185.211.133,TCP
2025-05-04 17:23:02.558118,192.168.1.62,192.168.1.1,UDP
2025-05-04 17:23:02.562820,44.202.79.198,192.168.1.62,TCP
2025-05-04 17:23:02.562821,44.202.79.198,192.168.1.62,TCP
2025-05-04 17:23:02.562821,44.202.79.198,192.168.1.62,TCP
2025-05-04 17:23:02.562821,44.202.79.198,192.168.1.62,TCP
2025-05-04 17:23:02.562821,192.168.1.62,44.202.79.198,TCP
2025-05-04 17:23:02.578847,44.202.79.198,192.168.1.62,TCP
2025-05-04 17:23:02.578847,44.202.79.198,192.168.1.62,TCP
2025-05-04 17:23:02.578847,44.202.79.198,192.168.1.62,TCP
2025-05-04 17:23:02.578847,44.202.79.198,192.168.1.62,TCP
2025-05-04 17:23:02.578847,44.202.79.198,192.168.1.62,TCP
2025-05-04 17:23:02.578847,44.202.79.198,192.168.1.62,TCP
2025-05-04 17:23:02.578847,44.202.79.198,192.168.1.62,TCP
2025-05-04 17:23:02.578911,44.202.79.198,192.168.1.62,TCP
2025-05-04 17:23:02.578911,44.202.79.198,192.168.1.62,TCP
2025-05-04 17:23:02.578911,192.168.1.62,44.202.79.198,TCP
2025-05-04 17:23:02.578911,192.168.1.62,44.202.79.198,TCP
2025-05-04 17:23:02.578911,192.168.1.62,44.202.79.198,TCP
2025-05-04 17:23:02.578911,44.202.79.198,192.168.1.62,TCP
2025-05-04 17:23:02.579512,192.168.1.62,44.202.79.198,TCP
2025-05-04 17:23:02.579512,192.168.1.62,44.202.79.198,TCP
2025-05-04 17:23:02.579512,192.168.1.62,44.202.79.198,TCP
2025-05-04 17:23:02.588833,192.168.1.62,192.168.1.1,UDP
2025-05-04 17:23:02.721613,44.202.79.198,192.168.1.62,TCP
2025-05-04 17:23:02.721613,44.202.79.198,192.168.1.62,TCP
2025-05-04 17:23:02.721614,44.202.79.198,192.168.1.62,TCP
2025-05-04 17:23:02.721614,44.202.79.198,192.168.1.62,TCP
2025-05-04 17:23:02.721614,44.202.79.198,192.168.1.62,TCP
2025-05-04 17:23:02.721614,44.202.79.198,192.168.1.62,TCP
2025-05-04 17:23:02.721614,44.202.79.198,192.168.1.62,TCP
2025-05-04 17:23:02.721627,44.202.79.198,192.168.1.62,TCP
2025-05-04 17:23:02.721627,44.202.79.198,192.168.1.62,TCP
2025-05-04 17:23:02.721627,44.202.79.198,192.168.1.62,TCP
2025-05-04 17:23:02.721627,44.202.79.198,192.168.1.62,TCP
2025-05-04 17:23:02.721628,44.202.79.198,192.168.1.62,TCP
2025-05-04 17:23:02.721628,44.202.79.198,192.168.1.62,TCP
2025-05-04 17:23:02.721755,44.202.79.198,192.168.1.62,TCP
2025-05-04 17:23:02.721755,52.185.211.133,192.168.1.62,TCP
2025-05-04 17:23:02.721755,52.185.211.133,192.168.1.62,TCP
2025-05-04 17:23:02.721755,192.168.1.1,192.168.1.62,UDP
2025-05-04 17:23:02.721755,192.168.1.1,192.168.1.62,UDP
2025-05-04 17:23:02.721755,192.168.1.62,44.202.79.198,TCP
2025-05-04 17:23:02.721755,192.168.1.62,44.202.79.198,TCP
2025-05-04 17:23:02.721755,192.168.1.62,44.202.79.198,TCP
2025-05-04 17:23:02.721853,192.168.1.62,44.202.79.198,TCP
2025-05-04 17:23:02.721854,192.168.1.62,44.202.79.198,TCP
2025-05-04 17:23:02.721854,192.168.1.62,44.202.79.198,TCP
2025-05-04 17:23:02.721854,192.168.1.62,44.202.79.198,TCP
2025-05-04 17:23:02.721854,192.168.1.62,52.185.211.133,TCP
2025-05-04 17:23:02.721854,192.168.1.62,44.202.79.198,TCP
2025-05-04 17:23:02.722655,192.168.1.62,44.202.79.198,TCP
2025-05-04 17:23:02.722655,192.168.1.62,44.202.79.198,TCP
2025-05-04 17:23:02.722655,192.168.1.62,44.202.79.198,TCP
2025-05-04 17:23:02.722655,192.168.1.62,52.185.211.133,TCP
2025-05-04 17:23:02.743001,44.202.79.198,192.168.1.62,TCP
2025-05-04 17:23:02.743001,44.202.79.198,192.168.1.62,TCP
2025-05-04 17:23:02.743001,44.202.79.198,192.168.1.62,TCP
2025-05-04 17:23:02.766538,44.202.79.198,192.168.1.62,TCP
2025-05-04 17:23:02.766539,44.202.79.198,192.168.1.62,TCP
2025-05-04 17:23:02.766539,192.168.1.62,44.202.79.198,TCP
2025-05-04 17:23:02.768014,192.168.1.62,44.202.79.198,TCP
2025-05-04 17:23:02.768014,192.168.1.62,44.202.79.198,TCP
2025-05-04 17:23:02.804915,44.202.79.198,192.168.1.62,TCP
2025-05-04 17:23:02.804915,192.168.1.62,44.202.79.198,TCP
2025-05-04 17:23:02.858284,44.202.79.198,192.168.1.62,TCP
2025-05-04 17:23:02.858285,44.202.79.198,192.168.1.62,TCP
2025-05-04 17:23:02.858823,44.202.79.198,192.168.1.62,TCP
2025-05-04 17:23:02.858823,44.202.79.198,192.168.1.62,TCP
2025-05-04 17:23:02.861745,192.168.1.40,185.125.190.17,TCP
2025-05-04 17:23:02.876878,52.185.211.133,192.168.1.62,TCP
2025-05-04 17:23:02.876878,192.168.1.62,52.185.211.133,TCP
2025-05-04 17:23:02.877671,192.168.1.62,52.185.211.133,TCP
2025-05-04 17:23:02.883305,44.202.79.198,192.168.1.62,TCP
2025-05-04 17:23:02.883305,44.202.79.198,192.168.1.62,TCP
2025-05-04 17:23:02.883305,192.168.1.62,44.202.79.198,TCP
2025-05-04 17:23:02.884117,192.168.1.62,44.202.79.198,TCP
2025-05-04 17:23:02.884117,192.168.1.62,44.202.79.198,TCP
2025-05-04 17:23:02.900040,44.202.79.198,192.168.1.62,TCP
2025-05-04 17:23:02.900893,192.168.1.62,44.202.79.198,TCP
2025-05-04 17:23:02.900893,44.202.79.198,192.168.1.62,TCP
2025-05-04 17:23:02.901519,192.168.1.62,44.202.79.198,TCP
2025-05-04 17:23:02.902862,192.168.1.62,44.202.79.198,TCP
2025-05-04 17:23:02.902862,44.202.79.198,192.168.1.62,TCP
2025-05-04 17:23:02.912091,44.202.79.198,192.168.1.62,TCP
2025-05-04 17:23:02.912091,44.202.79.198,192.168.1.62,TCP
2025-05-04 17:23:02.912091,192.168.1.62,44.202.79.198,TCP
2025-05-04 17:23:03.016409,44.202.79.198,192.168.1.62,TCP
2025-05-04 17:23:03.028383,52.185.211.133,192.168.1.62,TCP
2025-05-04 17:23:03.031248,192.168.1.62,52.185.211.133,TCP
2025-05-04 17:23:03.031249,44.202.79.198,192.168.1.62,TCP
2025-05-04 17:23:03.038484,192.168.1.62,44.202.79.198,TCP
2025-05-04 17:23:03.038485,44.202.79.198,192.168.1.62,TCP
2025-05-04 17:23:03.040232,44.202.79.198,192.168.1.62,TCP
2025-05-04 17:23:03.040232,192.168.1.62,44.202.79.198,TCP
2025-05-04 17:23:03.040232,44.202.79.198,192.168.1.62,TCP
2025-05-04 17:23:03.040233,192.168.1.62,44.202.79.198,TCP
2025-05-04 17:23:03.043154,192.168.1.62,52.185.211.133,TCP
2025-05-04 17:23:03.165471,44.202.79.198,192.168.1.62,TCP
2025-05-04 17:23:03.190769,52.185.211.133,192.168.1.62,TCP
2025-05-04 17:23:03.191506,52.185.211.133,192.168.1.62,TCP
2025-05-04 17:23:03.191506,192.168.1.62,52.185.211.133,TCP
2025-05-04 17:23:03.193613,192.168.1.62,52.185.211.133,TCP
2025-05-04 17:23:03.193613,192.168.1.62,52.185.211.133,TCP
2025-05-04 17:23:03.193613,192.168.1.62,52.185.211.133,TCP
2025-05-04 17:23:03.347178,52.185.211.133,192.168.1.62,TCP
2025-05-04 17:23:03.347179,52.185.211.133,192.168.1.62,TCP
2025-05-04 17:23:03.347179,52.185.211.133,192.168.1.62,TCP
2025-05-04 17:23:03.381498,192.168.1.62,52.185.211.133,TCP
2025-05-04 17:23:03.528823,52.185.211.133,192.168.1.62,TCP
2025-05-04 17:23:03.535899,192.168.1.62,52.185.211.133,TCP
2025-05-04 17:23:03.537222,192.168.1.40,34.120.208.123,TCP
2025-05-04 17:23:03.561429,34.120.208.123,192.168.1.40,TCP
2025-05-04 17:23:03.561630,192.168.1.40,34.120.208.123,TCP
2025-05-04 17:23:03.561670,192.168.1.40,34.120.208.123,TCP
2025-05-04 17:23:03.561429,34.120.208.123,192.168.1.40,TCP
2025-05-04 17:23:03.561800,192.168.1.40,34.120.208.123,TCP
2025-05-04 17:23:03.682591,52.185.211.133,192.168.1.62,TCP
2025-05-04 17:23:03.682592,192.168.1.62,52.185.211.133,TCP
2025-05-04 17:23:04.446357,192.168.1.63,91.189.91.97,TCP
2025-05-04 17:23:05.370045,192.168.1.40,185.125.190.17,TCP
2025-05-04 17:23:05.542607,192.168.1.40,104.18.32.47,TCP
2025-05-04 17:23:05.575897,104.18.32.47,192.168.1.40,TCP
2025-05-04 17:23:05.575915,192.168.1.40,104.18.32.47,TCP
2025-05-04 17:23:05.576163,192.168.1.40,104.18.32.47,TCP
2025-05-04 17:23:05.660686,192.168.1.62,3.224.19.30,TCP
2025-05-04 17:23:05.770322,192.168.1.62,44.199.25.130,TCP
2025-05-04 17:23:05.789199,3.224.19.30,192.168.1.62,TCP
2025-05-04 17:23:05.896955,44.199.25.130,192.168.1.62,TCP
2025-05-04 17:23:07.666681,192.168.1.62,104.18.32.47,TCP
2025-05-04 17:23:07.697905,104.18.32.47,192.168.1.62,TCP
2025-05-04 17:23:08.354895,192.168.1.62,216.58.204.234,UDP
2025-05-04 17:23:08.412451,216.58.204.234,192.168.1.62,UDP
2025-05-04 17:23:08.934749,44.202.79.198,192.168.1.62,TCP
2025-05-04 17:23:08.934750,44.202.79.198,192.168.1.62,TCP
2025-05-04 17:23:08.934750,192.168.1.62,44.202.79.198,TCP
2025-05-04 17:23:09.044310,44.202.79.198,192.168.1.62,TCP
2025-05-04 17:23:09.045535,44.202.79.198,192.168.1.62,TCP
2025-05-04 17:23:09.045535,192.168.1.62,44.202.79.198,TCP
2025-05-04 17:23:09.243512,192.168.1.62,172.217.218.188,TCP
2025-05-04 17:23:09.243512,192.168.1.62,142.251.31.188,TCP
2025-05-04 17:23:09.296850,172.217.218.188,192.168.1.62,TCP
2025-05-04 17:23:09.297486,142.251.31.188,192.168.1.62,TCP
2025-05-04 17:23:10.655035,192.168.1.62,224.0.0.251,UDP
2025-05-04 17:23:10.657561,192.168.1.62,224.0.0.251,UDP
2025-05-04 17:23:10.911338,192.168.1.62,224.0.0.251,UDP
2025-05-04 17:23:11.166027,192.168.1.62,224.0.0.251,UDP
2025-05-04 17:23:11.416105,192.168.1.62,224.0.0.251,UDP
2025-05-04 17:23:11.420299,192.168.1.62,224.0.0.251,UDP
2025-05-04 17:23:13.258545,192.168.1.63,192.168.1.1,UDP
2025-05-04 17:23:13.258667,192.168.1.40,104.18.32.47,TCP
2025-05-04 17:23:13.258780,192.168.1.40,192.168.1.1,UDP
2025-05-04 17:23:13.258836,192.168.1.40,192.168.1.1,UDP
2025-05-04 17:23:13.258897,192.168.1.40,104.18.32.47,TCP
2025-05-04 17:23:13.259103,192.168.1.40,104.18.32.47,TCP
2025-05-04 17:23:13.264528,192.168.1.1,192.168.1.63,UDP
2025-05-04 17:23:13.267270,192.168.1.1,192.168.1.40,UDP
2025-05-04 17:23:13.273549,192.168.1.1,192.168.1.40,UDP
2025-05-04 17:23:13.291162,104.18.32.47,192.168.1.40,TCP
2025-05-04 17:23:13.294054,104.18.32.47,192.168.1.40,TCP
2025-05-04 17:23:13.337904,104.18.32.47,192.168.1.40,TCP
2025-05-04 17:23:13.435639,104.18.32.47,192.168.1.40,TCP
2025-05-04 17:23:13.435847,192.168.1.40,104.18.32.47,TCP
2025-05-04 17:23:13.435868,192.168.1.40,104.18.32.47,TCP
2025-05-04 17:23:13.435639,104.18.32.47,192.168.1.40,TCP
2025-05-04 17:23:13.436152,192.168.1.40,104.18.32.47,TCP
2025-05-04 17:23:13.436076,192.168.1.40,104.18.32.47,TCP
2025-05-04 17:23:14.050062,192.168.1.40,104.18.32.47,TCP
2025-05-04 17:23:14.050184,192.168.1.40,104.18.32.47,TCP
2025-05-04 17:23:14.050606,192.168.1.40,104.18.32.47,TCP
2025-05-04 17:23:14.085830,104.18.32.47,192.168.1.40,TCP
2025-05-04 17:23:14.085830,104.18.32.47,192.168.1.40,TCP
2025-05-04 17:23:14.085830,104.18.32.47,192.168.1.40,TCP
2025-05-04 17:23:14.085830,104.18.32.47,192.168.1.40,TCP
2025-05-04 17:23:14.089040,192.168.1.40,104.18.32.47,TCP
2025-05-04 17:23:14.089341,192.168.1.40,104.18.32.47,TCP
2025-05-04 17:23:14.089632,192.168.1.40,104.18.32.47,TCP
2025-05-04 17:23:14.130570,104.18.32.47,192.168.1.40,TCP
2025-05-04 17:23:14.130571,104.18.32.47,192.168.1.40,TCP
2025-05-04 17:23:14.130571,104.18.32.47,192.168.1.40,TCP
2025-05-04 17:23:14.130571,192.168.1.62,35.233.239.65,TCP
2025-05-04 17:23:14.288731,192.168.1.40,104.18.32.47,TCP
2025-05-04 17:23:14.288677,104.18.32.47,192.168.1.40,TCP
2025-05-04 17:23:14.288691,192.168.1.40,104.18.32.47,TCP
2025-05-04 17:23:14.288677,104.18.32.47,192.168.1.40,TCP
2025-05-04 17:23:14.288879,192.168.1.40,104.18.32.47,TCP
2025-05-04 17:23:14.288812,192.168.1.40,104.18.32.47,TCP
2025-05-04 17:23:14.313204,35.233.239.65,192.168.1.62,TCP
2025-05-04 17:23:14.341697,104.18.32.47,192.168.1.40,TCP
2025-05-04 17:23:14.341738,192.168.1.40,104.18.32.47,TCP
2025-05-04 17:23:14.341948,192.168.1.40,104.18.32.47,TCP
2025-05-04 17:23:14.452017,192.168.1.40,104.18.32.47,TCP
2025-05-04 17:23:14.452105,192.168.1.40,104.18.32.47,TCP
2025-05-04 17:23:14.451985,104.18.32.47,192.168.1.40,TCP
2025-05-04 17:23:14.452039,192.168.1.40,104.18.32.47,TCP
2025-05-04 17:23:14.451985,104.18.32.47,192.168.1.40,TCP
2025-05-04 17:23:14.452242,192.168.1.40,104.18.32.47,TCP
2025-05-04 17:23:14.452181,192.168.1.40,104.18.32.47,TCP
2025-05-04 17:23:14.451985,104.18.32.47,192.168.1.40,TCP
2025-05-04 17:23:14.452365,192.168.1.40,104.18.32.47,TCP
2025-05-04 17:23:14.452429,192.168.1.40,104.18.32.47,TCP
2025-05-04 17:23:14.451985,104.18.32.47,192.168.1.40,TCP
2025-05-04 17:23:14.452615,192.168.1.40,104.18.32.47,TCP
2025-05-04 17:23:14.452555,192.168.1.40,104.18.32.47,TCP
2025-05-04 17:23:14.451985,104.18.32.47,192.168.1.40,TCP
2025-05-04 17:23:14.452738,192.168.1.40,104.18.32.47,TCP
2025-05-04 17:23:14.452678,192.168.1.40,104.18.32.47,TCP
2025-05-04 17:23:14.452774,104.18.32.47,192.168.1.40,TCP
2025-05-04 17:23:14.452780,192.168.1.40,104.18.32.47,TCP
2025-05-04 17:23:14.452775,216.58.204.234,192.168.1.62,UDP
2025-05-04 17:23:14.452775,216.58.204.234,192.168.1.62,UDP
2025-05-04 17:23:14.459430,192.168.1.62,216.58.204.234,UDP
2025-05-04 17:23:14.650067,192.168.1.62,216.58.204.234,UDP
2025-05-04 17:23:14.702896,216.58.204.234,192.168.1.62,UDP
2025-05-04 17:23:14.745001,192.168.1.40,104.18.32.47,TCP
2025-05-04 17:23:14.745342,192.168.1.40,104.18.32.47,TCP
2025-05-04 17:23:14.745606,192.168.1.40,104.18.32.47,TCP
2025-05-04 17:23:14.746033,192.168.1.40,104.18.32.47,TCP
2025-05-04 17:23:14.746286,192.168.1.40,104.18.32.47,TCP
2025-05-04 17:23:14.780725,104.18.32.47,192.168.1.40,TCP
2025-05-04 17:23:14.780725,104.18.32.47,192.168.1.40,TCP
2025-05-04 17:23:14.780725,104.18.32.47,192.168.1.40,TCP
2025-05-04 17:23:14.780725,104.18.32.47,192.168.1.40,TCP
2025-05-04 17:23:14.780725,104.18.32.47,192.168.1.40,TCP
2025-05-04 17:23:14.794653,104.18.32.47,192.168.1.40,TCP
2025-05-04 17:23:14.903166,192.168.1.62,216.58.204.234,UDP
2025-05-04 17:23:14.956623,216.58.204.234,192.168.1.62,UDP
2025-05-04 17:23:15.105850,192.168.1.62,192.168.1.1,UDP
2025-05-04 17:23:15.105850,192.168.1.62,192.168.1.1,UDP
2025-05-04 17:23:15.105850,192.168.1.1,192.168.1.62,UDP
2025-05-04 17:23:15.105851,192.168.1.1,192.168.1.62,UDP
2025-05-04 17:23:15.105851,192.168.1.62,13.107.246.45,TCP
2025-05-04 17:23:15.140111,13.107.246.45,192.168.1.62,TCP
2025-05-04 17:23:15.140111,192.168.1.62,13.107.246.45,TCP
2025-05-04 17:23:15.140647,192.168.1.62,13.107.246.45,TCP
2025-05-04 17:23:15.158513,192.168.1.62,216.58.204.234,UDP
2025-05-04 17:23:15.186721,13.107.246.45,192.168.1.62,TCP
2025-05-04 17:23:15.186721,13.107.246.45,192.168.1.62,TCP
2025-05-04 17:23:15.186721,192.168.1.62,13.107.246.45,TCP
2025-05-04 17:23:15.219736,216.58.204.234,192.168.1.62,UDP
2025-05-04 17:23:15.219736,13.107.246.45,192.168.1.62,TCP
2025-05-04 17:23:15.219736,192.168.1.62,13.107.246.45,TCP
2025-05-04 17:23:15.219736,13.107.246.45,192.168.1.62,TCP
2025-05-04 17:23:15.219736,13.107.246.45,192.168.1.62,TCP
2025-05-04 17:23:15.219736,13.107.246.45,192.168.1.62,TCP
2025-05-04 17:23:15.219785,192.168.1.62,13.107.246.45,TCP
2025-05-04 17:23:15.219785,192.168.1.62,13.107.246.45,TCP
2025-05-04 17:23:15.219785,192.168.1.62,13.107.246.45,TCP
2025-05-04 17:23:15.219785,192.168.1.62,13.107.246.45,TCP
2025-05-04 17:23:15.225400,192.168.1.40,104.18.32.47,TCP
2025-05-04 17:23:15.225574,192.168.1.40,192.168.1.1,UDP
2025-05-04 17:23:15.225667,192.168.1.40,104.18.32.47,TCP
2025-05-04 17:23:15.226424,192.168.1.63,192.168.1.1,UDP
2025-05-04 17:23:15.226424,192.168.1.63,192.168.1.1,UDP
2025-05-04 17:23:15.226513,192.168.1.40,104.18.32.47,TCP
2025-05-04 17:23:15.236168,192.168.1.1,192.168.1.63,UDP
2025-05-04 17:23:15.237719,192.168.1.1,192.168.1.63,UDP
2025-05-04 17:23:15.239359,192.168.1.1,192.168.1.40,UDP
2025-05-04 17:23:15.262991,13.107.246.45,192.168.1.62,TCP
2025-05-04 17:23:15.262991,13.107.246.45,192.168.1.62,TCP
2025-05-04 17:23:15.262991,13.107.246.45,192.168.1.62,TCP
2025-05-04 17:23:15.262991,13.107.246.45,192.168.1.62,TCP
2025-05-04 17:23:15.262991,192.168.1.62,13.107.246.45,TCP
2025-05-04 17:23:15.262991,192.168.1.62,13.107.246.45,TCP
2025-05-04 17:23:15.262991,13.107.246.45,192.168.1.62,TCP
2025-05-04 17:23:15.263134,192.168.1.62,13.107.246.45,TCP
2025-05-04 17:23:15.263134,13.107.246.45,192.168.1.62,TCP
2025-05-04 17:23:15.273585,13.107.246.45,192.168.1.62,TCP
2025-05-04 17:23:15.273585,13.107.246.45,192.168.1.62,TCP
2025-05-04 17:23:15.273585,13.107.246.45,192.168.1.62,TCP
2025-05-04 17:23:15.273585,104.18.32.47,192.168.1.40,TCP
2025-05-04 17:23:15.273585,104.18.32.47,192.168.1.40,TCP
2025-05-04 17:23:15.273585,104.18.32.47,192.168.1.40,TCP
2025-05-04 17:23:15.273924,192.168.1.62,13.107.246.45,TCP
2025-05-04 17:23:15.273924,13.107.246.45,192.168.1.62,TCP
2025-05-04 17:23:15.284680,192.168.1.40,104.18.32.47,TCP
2025-05-04 17:23:15.284765,192.168.1.40,104.18.32.47,TCP
2025-05-04 17:23:15.285069,104.18.32.47,192.168.1.40,TCP
2025-05-04 17:23:15.285078,192.168.1.40,104.18.32.47,TCP
2025-05-04 17:23:15.285069,104.18.32.47,192.168.1.40,TCP
2025-05-04 17:23:15.285343,192.168.1.40,104.18.32.47,TCP
2025-05-04 17:23:15.295291,13.107.246.45,192.168.1.62,TCP
2025-05-04 17:23:15.295291,192.168.1.62,13.107.246.45,TCP
2025-05-04 17:23:15.297970,13.107.246.45,192.168.1.62,TCP
2025-05-04 17:23:15.297970,192.168.1.62,13.107.246.45,TCP
2025-05-04 17:23:15.311317,13.107.246.45,192.168.1.62,TCP
2025-05-04 17:23:15.311317,192.168.1.62,13.107.246.45,TCP
2025-05-04 17:23:15.311317,13.107.246.45,192.168.1.62,TCP
2025-05-04 17:23:15.311317,192.168.1.62,13.107.246.45,TCP
2025-05-04 17:23:15.311317,13.107.246.45,192.168.1.62,TCP
2025-05-04 17:23:15.312264,192.168.1.62,13.107.246.45,TCP
2025-05-04 17:23:15.312264,13.107.246.45,192.168.1.62,TCP
2025-05-04 17:23:15.312264,192.168.1.62,13.107.246.45,TCP
2025-05-04 17:23:15.312264,13.107.246.45,192.168.1.62,TCP
2025-05-04 17:23:15.312264,192.168.1.62,13.107.246.45,TCP
2025-05-04 17:23:15.312264,13.107.246.45,192.168.1.62,TCP
2025-05-04 17:23:15.312462,192.168.1.62,13.107.246.45,TCP
2025-05-04 17:23:15.315669,13.107.246.45,192.168.1.62,TCP
2025-05-04 17:23:15.315669,192.168.1.62,13.107.246.45,TCP
2025-05-04 17:23:15.319402,13.107.246.45,192.168.1.62,TCP
2025-05-04 17:23:15.319402,13.107.246.45,192.168.1.62,TCP
2025-05-04 17:23:15.319402,192.168.1.62,13.107.246.45,TCP
2025-05-04 17:23:15.322296,192.168.1.62,13.107.246.45,TCP
2025-05-04 17:23:15.322296,13.107.246.45,192.168.1.62,TCP
2025-05-04 17:23:15.338006,13.107.246.45,192.168.1.62,TCP
2025-05-04 17:23:15.338006,13.107.246.45,192.168.1.62,TCP
2025-05-04 17:23:15.338006,13.107.246.45,192.168.1.62,TCP
2025-05-04 17:23:15.338006,192.168.1.62,13.107.246.45,TCP
2025-05-04 17:23:15.360832,192.168.1.40,104.18.32.47,TCP
2025-05-04 17:23:15.360726,104.18.32.47,192.168.1.40,TCP
2025-05-04 17:23:15.360805,192.168.1.40,104.18.32.47,TCP
2025-05-04 17:23:15.360726,104.18.32.47,192.168.1.40,TCP
2025-05-04 17:23:15.361012,192.168.1.40,104.18.32.47,TCP
2025-05-04 17:23:15.360925,192.168.1.40,104.18.32.47,TCP
2025-05-04 17:23:15.366559,192.168.1.40,104.18.32.47,TCP
2025-05-04 17:23:15.366574,104.18.32.47,192.168.1.40,TCP
2025-05-04 17:23:15.366596,192.168.1.40,104.18.32.47,TCP
2025-05-04 17:23:15.414000,192.168.1.62,216.58.204.234,UDP
2025-05-04 17:23:15.475936,216.58.204.234,192.168.1.62,UDP
2025-05-04 17:23:15.528343,192.168.1.40,104.18.32.47,TCP
2025-05-04 17:23:15.528547,192.168.1.40,104.18.32.47,TCP
2025-05-04 17:23:15.529015,192.168.1.40,104.18.32.47,TCP
2025-05-04 17:23:15.579693,104.18.32.47,192.168.1.40,TCP
2025-05-04 17:23:15.579693,104.18.32.47,192.168.1.40,TCP
2025-05-04 17:23:15.678610,192.168.1.62,216.58.204.234,UDP
2025-05-04 17:23:15.721361,104.18.32.47,192.168.1.40,TCP
2025-05-04 17:23:15.721421,192.168.1.40,104.18.32.47,TCP
2025-05-04 17:23:15.721361,104.18.32.47,192.168.1.40,TCP
2025-05-04 17:23:15.721362,104.18.32.47,192.168.1.40,TCP
2025-05-04 17:23:15.721563,192.168.1.40,104.18.32.47,TCP
2025-05-04 17:23:15.721633,192.168.1.40,104.18.32.47,TCP
2025-05-04 17:23:15.721692,192.168.1.40,104.18.32.47,TCP
2025-05-04 17:23:15.721771,192.168.1.40,104.18.32.47,TCP
2025-05-04 17:23:15.721846,192.168.1.40,104.18.32.47,TCP
2025-05-04 17:23:15.722804,216.58.204.234,192.168.1.62,UDP
2025-05-04 17:23:15.881664,192.168.1.40,104.18.32.47,TCP
2025-05-04 17:23:15.891264,104.18.32.47,192.168.1.40,TCP
2025-05-04 17:23:15.891274,192.168.1.40,104.18.32.47,TCP
2025-05-04 17:23:15.903799,104.18.32.47,192.168.1.40,TCP
2025-05-04 17:23:15.903816,192.168.1.40,104.18.32.47,TCP
2025-05-04 17:23:15.904094,192.168.1.40,104.18.32.47,TCP
2025-05-04 17:23:15.925004,192.168.1.62,216.58.204.234,UDP
2025-05-04 17:23:15.966442,104.18.32.47,192.168.1.40,TCP
2025-05-04 17:23:15.968450,192.168.1.40,104.18.32.47,TCP
2025-05-04 17:23:15.969908,192.168.1.40,104.18.32.47,TCP
2025-05-04 17:23:15.979488,216.58.204.234,192.168.1.62,UDP
2025-05-04 17:23:16.058641,104.18.32.47,192.168.1.40,TCP
2025-05-04 17:23:16.058831,192.168.1.40,104.18.32.47,TCP
2025-05-04 17:23:16.058799,192.168.1.40,104.18.32.47,TCP
2025-05-04 17:23:16.266865,104.18.32.47,192.168.1.40,TCP
2025-05-04 17:23:16.266956,192.168.1.40,104.18.32.47,TCP
2025-05-04 17:23:16.267241,192.168.1.40,104.18.32.47,TCP
2025-05-04 17:23:16.379949,192.168.1.62,216.58.204.234,UDP
2025-05-04 17:23:16.430265,192.168.1.63,185.125.190.18,TCP
2025-05-04 17:23:16.435571,216.58.204.234,192.168.1.62,UDP
2025-05-04 17:23:16.472527,104.18.32.47,192.168.1.40,TCP
2025-05-04 17:23:16.472697,192.168.1.40,104.18.32.47,TCP
2025-05-04 17:23:16.472661,192.168.1.40,104.18.32.47,TCP
2025-05-04 17:23:16.692240,104.18.32.47,192.168.1.40,TCP
2025-05-04 17:23:16.694898,192.168.1.40,104.18.32.47,TCP
2025-05-04 17:23:16.695477,192.168.1.40,104.18.32.47,TCP
2025-05-04 17:23:16.895196,104.18.32.47,192.168.1.40,TCP
2025-05-04 17:23:16.896358,192.168.1.40,104.18.32.47,TCP
2025-05-04 17:23:16.898472,192.168.1.40,104.18.32.47,TCP
2025-05-04 17:23:17.112490,104.18.32.47,192.168.1.40,TCP
2025-05-04 17:23:17.112548,192.168.1.40,104.18.32.47,TCP
2025-05-04 17:23:17.112754,192.168.1.40,104.18.32.47,TCP
2025-05-04 17:23:17.239278,192.168.1.62,216.58.204.234,UDP
2025-05-04 17:23:17.300268,216.58.204.234,192.168.1.62,UDP
2025-05-04 17:23:17.317145,104.18.32.47,192.168.1.40,TCP
2025-05-04 17:23:17.317327,192.168.1.40,104.18.32.47,TCP
2025-05-04 17:23:17.317290,192.168.1.40,104.18.32.47,TCP
2025-05-04 17:23:17.542444,104.18.32.47,192.168.1.40,TCP
2025-05-04 17:23:17.543813,192.168.1.40,104.18.32.47,TCP
2025-05-04 17:23:17.545338,192.168.1.40,104.18.32.47,TCP
2025-05-04 17:23:17.743511,104.18.32.47,192.168.1.40,TCP
2025-05-04 17:23:17.744049,192.168.1.40,104.18.32.47,TCP
2025-05-04 17:23:17.746508,192.168.1.40,104.18.32.47,TCP
2025-05-04 17:23:17.953930,104.18.32.47,192.168.1.40,TCP
2025-05-04 17:23:17.955317,192.168.1.40,104.18.32.47,TCP
2025-05-04 17:23:17.955835,192.168.1.40,104.18.32.47,TCP
2025-05-04 17:23:18.152620,104.18.32.47,192.168.1.40,TCP
2025-05-04 17:23:18.152801,192.168.1.40,104.18.32.47,TCP
2025-05-04 17:23:18.152761,192.168.1.40,104.18.32.47,TCP
2025-05-04 17:23:18.368479,104.18.32.47,192.168.1.40,TCP
2025-05-04 17:23:18.368874,192.168.1.40,104.18.32.47,TCP
2025-05-04 17:23:18.368905,192.168.1.40,104.18.32.47,TCP
2025-05-04 17:23:18.547610,192.168.1.40,104.18.32.47,TCP
2025-05-04 17:23:18.547863,104.18.32.47,192.168.1.40,TCP
2025-05-04 17:23:18.547872,192.168.1.40,104.18.32.47,TCP
2025-05-04 17:23:18.716142,192.168.1.40,104.18.32.47,TCP
2025-05-04 17:23:18.716065,104.18.32.47,192.168.1.40,TCP
2025-05-04 17:23:18.718281,192.168.1.40,104.18.32.47,TCP
2025-05-04 17:23:18.734924,192.168.1.40,104.18.32.47,TCP
2025-05-04 17:23:18.735047,192.168.1.40,104.18.32.47,TCP
2025-05-04 17:23:18.735247,192.168.1.40,104.18.32.47,TCP
2025-05-04 17:23:18.767638,104.18.32.47,192.168.1.40,TCP
2025-05-04 17:23:18.767638,104.18.32.47,192.168.1.40,TCP
2025-05-04 17:23:18.808747,104.18.32.47,192.168.1.40,TCP
2025-05-04 17:23:18.895617,192.168.1.62,216.58.204.234,UDP
2025-05-04 17:23:18.932985,104.18.32.47,192.168.1.40,TCP
2025-05-04 17:23:18.933050,192.168.1.40,104.18.32.47,TCP
2025-05-04 17:23:18.932985,104.18.32.47,192.168.1.40,TCP
2025-05-04 17:23:18.933263,192.168.1.40,104.18.32.47,TCP
2025-05-04 17:23:18.933216,192.168.1.40,104.18.32.47,TCP
2025-05-04 17:23:18.942378,104.18.32.47,192.168.1.40,TCP
2025-05-04 17:23:18.942536,192.168.1.40,104.18.32.47,TCP
2025-05-04 17:23:18.942504,192.168.1.40,104.18.32.47,TCP
2025-05-04 17:23:18.942378,104.18.32.47,192.168.1.40,TCP
2025-05-04 17:23:18.942703,192.168.1.40,104.18.32.47,TCP
2025-05-04 17:23:18.942655,192.168.1.40,104.18.32.47,TCP
2025-05-04 17:23:18.943145,192.168.1.40,104.18.32.47,TCP
2025-05-04 17:23:18.943075,104.18.32.47,192.168.1.40,TCP
2025-05-04 17:23:18.943102,192.168.1.40,104.18.32.47,TCP
2025-05-04 17:23:18.949260,216.58.204.234,192.168.1.62,UDP
2025-05-04 17:23:19.105531,192.168.1.40,104.18.32.47,TCP
2025-05-04 17:23:19.105671,192.168.1.40,104.18.32.47,TCP
2025-05-04 17:23:19.106028,192.168.1.40,104.18.32.47,TCP
2025-05-04 17:23:19.149023,104.18.32.47,192.168.1.40,TCP
2025-05-04 17:23:19.149024,104.18.32.47,192.168.1.40,TCP
2025-05-04 17:23:19.149024,104.18.32.47,192.168.1.40,TCP
2025-05-04 17:23:19.294472,104.18.32.47,192.168.1.40,TCP
2025-05-04 17:23:19.294620,192.168.1.40,104.18.32.47,TCP
2025-05-04 17:23:19.294624,192.168.1.40,104.18.32.47,TCP
2025-05-04 17:23:19.294472,104.18.32.47,192.168.1.40,TCP
2025-05-04 17:23:19.294860,192.168.1.40,104.18.32.47,TCP
2025-05-04 17:23:19.294835,192.168.1.40,104.18.32.47,TCP
2025-05-04 17:23:19.294472,104.18.32.47,192.168.1.40,TCP
2025-05-04 17:23:19.294947,192.168.1.40,104.18.32.47,TCP
2025-05-04 17:23:19.295062,192.168.1.40,104.18.32.47,TCP
2025-05-04 17:23:20.392839,192.168.1.62,35.233.239.65,TCP
2025-05-04 17:23:20.524076,192.168.1.40,185.125.190.17,TCP
2025-05-04 17:23:20.587193,35.233.239.65,192.168.1.62,TCP
2025-05-04 17:23:22.150302,192.168.1.62,216.58.204.234,UDP
2025-05-04 17:23:22.205720,216.58.204.234,192.168.1.62,UDP
2025-05-04 17:23:25.263283,192.168.1.40,104.18.32.47,TCP
2025-05-04 17:23:25.263459,192.168.1.40,104.18.32.47,TCP
2025-05-04 17:23:25.263725,192.168.1.40,104.18.32.47,TCP
2025-05-04 17:23:25.297601,104.18.32.47,192.168.1.40,TCP
2025-05-04 17:23:25.297797,192.168.1.40,104.18.32.47,TCP
2025-05-04 17:23:25.297754,192.168.1.40,104.18.32.47,TCP
2025-05-04 17:23:25.297601,104.18.32.47,192.168.1.40,TCP
2025-05-04 17:23:25.297601,104.18.32.47,192.168.1.40,TCP
2025-05-04 17:23:25.297601,104.18.32.47,192.168.1.40,TCP
2025-05-04 17:23:25.297821,192.168.1.40,104.18.32.47,TCP
2025-05-04 17:23:25.322097,192.168.1.40,104.18.32.47,TCP
2025-05-04 17:23:25.322017,104.18.32.47,192.168.1.40,TCP
2025-05-04 17:23:25.322060,192.168.1.40,104.18.32.47,TCP
2025-05-04 17:23:25.322017,104.18.32.47,192.168.1.40,TCP
2025-05-04 17:23:25.322249,192.168.1.40,104.18.32.47,TCP
2025-05-04 17:23:25.322202,192.168.1.40,104.18.32.47,TCP
2025-05-04 17:23:25.322017,104.18.32.47,192.168.1.40,TCP
2025-05-04 17:23:25.322284,192.168.1.40,104.18.32.47,TCP
2025-05-04 17:23:25.322374,192.168.1.40,104.18.32.47,TCP
2025-05-04 17:23:26.052785,44.202.79.198,192.168.1.62,TCP
2025-05-04 17:23:26.052786,44.202.79.198,192.168.1.62,TCP
2025-05-04 17:23:26.052786,192.168.1.62,44.202.79.198,TCP
2025-05-04 17:23:26.167563,44.202.79.198,192.168.1.62,TCP
2025-05-04 17:23:26.167563,44.202.79.198,192.168.1.62,TCP
2025-05-04 17:23:26.167564,192.168.1.62,44.202.79.198,TCP
2025-05-04 17:23:26.457453,192.168.1.62,140.82.114.26,TCP
2025-05-04 17:23:26.585394,140.82.114.26,192.168.1.62,TCP
2025-05-04 17:23:28.606963,192.168.1.62,216.58.204.234,UDP
2025-05-04 17:23:28.663594,216.58.204.234,192.168.1.62,UDP
2025-05-04 17:23:34.707906,192.168.1.62,142.250.201.163,TCP
2025-05-04 17:23:34.762113,142.250.201.163,192.168.1.62,TCP
2025-05-04 17:23:35.035077,216.58.204.234,192.168.1.62,UDP
2025-05-04 17:23:35.035078,216.58.204.234,192.168.1.62,UDP
2025-05-04 17:23:35.039481,216.58.204.234,192.168.1.62,UDP
2025-05-04 17:23:35.045266,192.168.1.62,216.58.204.234,UDP
2025-05-04 17:23:35.055274,192.168.1.62,192.168.1.1,UDP
2025-05-04 17:23:35.068722,192.168.1.1,192.168.1.62,UDP
2025-05-04 17:23:35.069806,192.168.1.62,216.58.205.42,UDP
2025-05-04 17:23:35.069806,192.168.1.62,216.58.205.42,UDP
2025-05-04 17:23:35.070351,192.168.1.62,216.58.205.42,UDP
2025-05-04 17:23:35.070351,192.168.1.62,216.58.205.42,UDP
2025-05-04 17:23:35.116714,216.58.205.42,192.168.1.62,UDP
2025-05-04 17:23:35.116714,216.58.205.42,192.168.1.62,UDP
2025-05-04 17:23:35.135617,216.58.205.42,192.168.1.62,UDP
2025-05-04 17:23:35.135617,216.58.205.42,192.168.1.62,UDP
2025-05-04 17:23:35.135617,216.58.205.42,192.168.1.62,UDP
2025-05-04 17:23:35.135617,216.58.205.42,192.168.1.62,UDP
2025-05-04 17:23:35.135617,216.58.205.42,192.168.1.62,UDP
2025-05-04 17:23:35.136698,192.168.1.62,216.58.205.42,UDP
2025-05-04 17:23:35.136698,192.168.1.62,216.58.205.42,UDP
2025-05-04 17:23:35.163076,192.168.1.62,216.58.205.42,UDP
2025-05-04 17:23:35.183854,216.58.205.42,192.168.1.62,UDP
2025-05-04 17:23:35.183855,216.58.205.42,192.168.1.62,UDP
2025-05-04 17:23:35.183855,192.168.1.62,216.58.205.42,UDP
2025-05-04 17:23:35.384460,192.168.1.62,216.58.205.42,UDP
2025-05-04 17:23:35.427893,216.58.205.42,192.168.1.62,UDP
2025-05-04 17:23:35.629245,192.168.1.62,216.58.205.42,UDP
2025-05-04 17:23:35.700358,216.58.205.42,192.168.1.62,UDP
2025-05-04 17:23:35.744753,216.58.205.42,192.168.1.62,UDP
2025-05-04 17:23:35.744753,216.58.205.42,192.168.1.62,UDP
2025-05-04 17:23:35.744754,192.168.1.62,216.58.205.42,UDP
2025-05-04 17:23:35.805893,192.168.1.62,216.58.204.234,UDP
2025-05-04 17:23:35.805894,216.58.204.234,192.168.1.62,UDP
2025-05-04 17:23:35.814492,216.58.205.42,192.168.1.62,UDP
2025-05-04 17:23:35.818037,192.168.1.62,216.58.204.234,UDP
2025-05-04 17:23:35.907949,216.58.204.234,192.168.1.62,UDP
2025-05-04 17:23:35.919401,192.168.1.62,216.58.204.234,UDP
2025-05-04 17:23:35.981266,216.58.204.234,192.168.1.62,UDP
2025-05-04 17:23:36.182614,192.168.1.62,216.58.204.234,UDP
2025-05-04 17:23:36.241187,216.58.204.234,192.168.1.62,UDP
2025-05-04 17:23:36.441639,192.168.1.62,216.58.204.234,UDP
2025-05-04 17:23:36.496380,216.58.204.234,192.168.1.62,UDP
2025-05-04 17:23:36.698777,192.168.1.62,216.58.204.234,UDP
2025-05-04 17:23:36.751928,216.58.204.234,192.168.1.62,UDP
2025-05-04 17:23:36.953755,192.168.1.62,216.58.204.234,UDP
2025-05-04 17:23:37.010892,216.58.204.234,192.168.1.62,UDP
2025-05-04 17:23:37.213031,192.168.1.62,216.58.204.234,UDP
2025-05-04 17:23:37.266390,216.58.204.234,192.168.1.62,UDP
2025-05-04 17:23:37.467694,192.168.1.62,216.58.204.234,UDP
2025-05-04 17:23:37.525271,216.58.204.234,192.168.1.62,UDP
2025-05-04 17:23:37.926457,192.168.1.62,216.58.204.234,UDP
2025-05-04 17:23:37.983036,216.58.204.234,192.168.1.62,UDP
2025-05-04 17:23:38.782700,192.168.1.62,216.58.204.234,UDP
2025-05-04 17:23:38.838541,216.58.204.234,192.168.1.62,UDP
2025-05-04 17:23:40.439744,192.168.1.62,216.58.204.234,UDP
2025-05-04 17:23:40.493481,216.58.204.234,192.168.1.62,UDP
2025-05-04 17:23:41.326706,140.82.114.26,192.168.1.62,TCP
2025-05-04 17:23:41.326706,192.168.1.62,140.82.114.26,TCP
2025-05-04 17:23:41.454491,140.82.114.26,192.168.1.62,TCP
2025-05-04 17:23:42.724767,192.168.1.40,91.189.91.157,UDP
2025-05-04 17:23:42.856219,91.189.91.157,192.168.1.40,UDP
2025-05-04 17:23:42.856243,192.168.1.40,91.189.91.157,UDP
2025-05-04 17:23:42.942688,192.168.1.63,192.168.1.1,UDP
2025-05-04 17:23:42.955747,192.168.1.1,192.168.1.63,UDP
2025-05-04 17:23:43.693440,192.168.1.62,216.58.204.234,UDP
2025-05-04 17:23:43.749611,216.58.204.234,192.168.1.62,UDP
2025-05-04 17:23:44.751526,192.168.1.40,104.18.32.47,TCP
2025-05-04 17:23:44.751651,192.168.1.40,104.18.32.47,TCP
2025-05-04 17:23:44.751940,192.168.1.40,104.18.32.47,TCP
2025-05-04 17:23:44.793718,104.18.32.47,192.168.1.40,TCP
2025-05-04 17:23:44.793719,104.18.32.47,192.168.1.40,TCP
2025-05-04 17:23:44.926137,104.18.32.47,192.168.1.40,TCP
2025-05-04 17:23:44.926167,192.168.1.40,104.18.32.47,TCP
2025-05-04 17:23:44.926138,104.18.32.47,192.168.1.40,TCP
2025-05-04 17:23:44.926261,192.168.1.40,104.18.32.47,TCP
2025-05-04 17:23:44.926138,104.18.32.47,192.168.1.40,TCP
2025-05-04 17:23:44.926448,192.168.1.40,104.18.32.47,TCP
2025-05-04 17:23:44.926401,192.168.1.40,104.18.32.47,TCP
2025-05-04 17:23:44.926586,192.168.1.40,104.18.32.47,TCP
2025-05-04 17:23:44.926663,192.168.1.40,104.18.32.47,TCP
2025-05-04 17:23:44.997508,3.224.19.30,192.168.1.62,TCP
2025-05-04 17:23:44.997509,3.224.19.30,192.168.1.62,TCP
2025-05-04 17:23:44.997509,3.224.19.30,192.168.1.62,TCP
2025-05-04 17:23:44.997509,192.168.1.62,3.224.19.30,TCP
2025-05-04 17:23:44.997509,192.168.1.62,3.224.19.30,TCP
2025-05-04 17:23:45.125828,44.199.25.130,192.168.1.62,TCP
2025-05-04 17:23:45.125828,44.199.25.130,192.168.1.62,TCP
2025-05-04 17:23:45.125828,44.199.25.130,192.168.1.62,TCP
2025-05-04 17:23:45.125828,192.168.1.62,44.199.25.130,TCP
2025-05-04 17:23:45.125829,192.168.1.62,44.199.25.130,TCP
2025-05-04 17:23:45.128894,3.224.19.30,192.168.1.62,TCP
2025-05-04 17:23:45.166880,192.168.1.40,192.168.1.1,UDP
2025-05-04 17:23:45.176483,192.168.1.1,192.168.1.40,UDP
2025-05-04 17:23:45.252801,44.199.25.130,192.168.1.62,TCP
2025-05-04 17:23:46.193443,192.168.1.63,224.0.0.251,UDP
2025-05-04 17:23:46.194054,192.168.1.40,224.0.0.251,UDP
2025-05-04 17:23:47.087265,192.168.1.62,3.3.8.1,TCP
2025-05-04 17:23:47.130943,3.3.8.1,192.168.1.62,TCP
2025-05-04 17:23:47.349120,104.18.32.47,192.168.1.62,TCP
2025-05-04 17:23:47.349120,192.168.1.62,104.18.32.47,TCP
2025-05-04 17:23:47.350310,104.18.32.47,192.168.1.62,TCP
2025-05-04 17:23:47.350311,192.168.1.62,104.18.32.47,TCP
2025-05-04 17:23:47.382440,104.18.32.47,192.168.1.62,TCP
